https://www.stjohns.edu/academics/programs/enterprise-regulation-profit-and-non-profit-bachelor-science#main-content
https://www.stjohns.edu/academics/programs/enterprise-regulation-profit-and-non-profit-bachelor-science#block-menu-block-main
https://www.stjohns.edu/academics/faculty/almerinda-forte-phd
https://www.stjohns.edu/academics/programs/global-supply-chain-management-minor#block-menu-block-main
https://www.stjohns.edu/academics/programs/global-supply-chain-management-minor#main-content
https://www.stjohns.edu/academics/programs/fashion-studies-minor#block-menu-block-main
https://www.stjohns.edu/academics/programs/fashion-studies-minor#main-content
https://www.stjohns.edu/academics/programs/mathematics-bachelor-arts#block-menu-block-main
https://www.stjohns.edu/academics/programs/mathematics-bachelor-arts#main-content
https://www.stjohns.edu/academics/programs/certificate-risk-and-insurance#main-content
https://www.stjohns.edu/academics/programs/certificate-risk-and-insurance#block-menu-block-main
https://www.stjohns.edu/academics/programs/business-and-organization-communication-minor#block-menu-block-main
https://www.stjohns.edu/academics/programs/business-and-organization-communication-minor#main-content
https://www.stjohns.edu/academics/programs/financial-mathematics-bachelor-science#main-content
https://www.stjohns.edu/academics/programs/financial-mathematics-bachelor-science#block-menu-block-main
https://www.stjohns.edu/life-st-johns/new-york-city-your-campus
https://www.stjohns.edu/sites/default/files/uploads/2019-2021%20Undergrad%20Bulletin%20SJC.pdf
https://www.stjohns.edu/academics/programs/psychology-bachelor-arts-master-arts#main-content
https://www.stjohns.edu/academics/programs/psychology-bachelor-arts-master-arts#block-menu-block-main
https://www.stjohns.edu/academics/programs/information-technologylibrary-and-information-science-bachelor-science-master-science#block-menu-block-main
https://www.stjohns.edu/academics/programs/information-technologylibrary-and-information-science-bachelor-science-master-science#main-content
https://www.stjohns.edu/academics/programs/dramatic-arts-film-and-television-minor#main-content
https://www.stjohns.edu/academics/programs/dramatic-arts-film-and-television-minor#block-menu-block-main
https://www.stjohns.edu/academics/programs/fashion-industry-sustainability-minor#main-content
https://www.stjohns.edu/academics/programs/fashion-industry-sustainability-minor#block-menu-block-main
https://www.stjohns.edu/academics/faculty/robina-colclough-davy-ms-mlsascp
https://www.stjohns.edu/academics/programs/clinical-laboratory-sciences-bachelor-science#block-menu-block-main
https://www.stjohns.edu/academics/programs/clinical-laboratory-sciences-bachelor-science#main-content
https://www.stjohns.edu/node/2481?school=26
https://www.stjohns.edu/academics/faculty/yon-choi-gomes-97mlsascp-maed
https://www.stjohns.edu/academics/centers-institutes/dr-andrew-j-bartilucci-center
https://www.stjohns.edu/academics/programs/womens-gender-and-sexuality-studies-interdisciplinary-minor#main-content
https://www.stjohns.edu/academics/programs/womens-gender-and-sexuality-studies-interdisciplinary-minor#block-menu-block-main
https://www.stjohns.edu/academics/programs/photography-bachelor-fine-arts#main-content
https://www.stjohns.edu/academics/programs/photography-bachelor-fine-arts#block-menu-block-main
https://www.stjohns.edu/news-media/success-stories/kalen-nail-roach-14bfa
https://www.stjohns.edu/academics/programs/communication-arts-sociology-bachelor-science-master-arts#main-content
https://www.stjohns.edu/academics/programs/communication-arts-sociology-bachelor-science-master-arts#block-menu-block-main
https://www.stjohns.edu/academics/programs/bachelor-arts-juris-doctor#main-content
https://www.stjohns.edu/academics/programs/bachelor-arts-juris-doctor#block-menu-block-main
https://www.stjohns.edu/resources/places/philosophy
https://www.stjohns.edu/academics/programs/philosophy-bachelor-arts#main-content
https://www.stjohns.edu/academics/programs/philosophy-bachelor-arts#block-menu-block-main
https://www.stjohns.edu/academics/faculty/kevin-kennedy
https://www.stjohns.edu/academics/programs/sports-leadership-and-branding-minor#main-content
https://www.stjohns.edu/academics/programs/sports-leadership-and-branding-minor#block-menu-block-main
https://www.stjohns.edu/academics/programs/legal-studies-sociology-bachelor-science-master-arts#main-content
https://www.stjohns.edu/academics/programs/legal-studies-sociology-bachelor-science-master-arts#block-menu-block-main
https://www.stjohns.edu/academics/programs/psychology-minor#main-content
https://www.stjohns.edu/academics/programs/psychology-bachelor-arts-master-arts%22%20%5Co%20%22Psychology,%20Bachelor%20of%20Arts%20/%20Master%20of%20Arts