https://www.stjohns.edu/academics/programs/multicultural-and-multiethnic-studies-interdisciplinary-minor
https://www.stjohns.edu/academics/programs/english-bachelor-arts-master-arts
https://www.stjohns.edu/academics/programs/international-communications-minor
https://www.stjohns.edu/academics/programs/business-technology-minor
https://www.stjohns.edu/academics/programs/writing-minor
https://www.stjohns.edu/law/academics/programs/english-american-law-school
https://www.stjohns.edu/academics/programs/government-and-politicslibrary-and-information-science-master-artsmaster-science
https://www.stjohns.edu/academics/programs/criminal-justice-minor
https://www.stjohns.edu/academics/programs/law.stjohns.edu
https://www.stjohns.edu/academics/programs/event-management-minor
https://www.stjohns.edu/academics/programs/tourism-management-minor
https://www.stjohns.edu/academics/programs/advertising-minor
https://www.stjohns.edu/academics/programs/catholic-studies-interdisciplinary-minor
https://www.stjohns.edu/academics/programs/marketing-intelligence-master-science#stem-visa-extension-for-international-students
https://www.stjohns.edu/academics/programs/biology-minor
https://www.stjohns.edu/academics/programs/forensics-minor
https://www.stjohns.edu/academics/programs/healthcare-informatics-minor
https://www.stjohns.edu/academics/programs/forensic-psychology-minor
https://www.stjohns.edu/academics/programs/english-minor
https://www.stjohns.edu/academics/programs/military-leadership-minor
https://www.stjohns.edu/academics/programs/computer-science-business-accounting-bachelor-science-master-science
https://www.stjohns.edu/academics/programs/criminal-justice-associate-science
https://www.stjohns.edu/about/faith-and-mission/academic-service-learning
https://www.stjohns.edu/academics/programs/homeland-security-minor
https://www.stjohns.edu/academics/programs/human-services-minor
https://www.stjohns.edu/academics/programs/business-administration-minor
https://www.stjohns.edu/academics/programs/italian-studies-minor
https://www.stjohns.edu/academics/programs/finance-business-administration-bachelor-science-master-business-administration
https://www.stjohns.edu/academics/programs/critical-race-ethnic-studies-minor#block-menu-block-main
https://www.stjohns.edu/academics/programs/criminalistics-minor
https://www.stjohns.edu/academics/faculty/rev-jean-pierre-ruiz
https://www.stjohns.edu/academics/programs/critical-race-ethnic-studies-minor#main-content
https://www.stjohns.edu/academics/faculty/elda-tsou
https://www.stjohns.edu/academics/programs/information-technology-accounting-bachelor-science-master-science
https://www.stjohns.edu/academics/programs/criminal-justicegovernment-and-politics-bachelor-science-master-arts
https://www.stjohns.edu/academics/faculty/jeremy-v-cruz
https://www.stjohns.edu/academics/programs/criminal-justice-homeland-security-and-criminal-justice-leadership-bachelor-science-master
https://www.stjohns.edu/academics/programs/communication-arts-government-and-politics-bachelor-science-master-arts
https://www.stjohns.edu/academics/faculty/anthony-rodriguez
https://www.stjohns.edu/academics/programs/critical-race-ethnic-studies-interdisciplinary-minor
https://www.stjohns.edu/resources/places/department-accountancy
https://www.stjohns.edu/academics/faculty/bobby-rivera
https://www.stjohns.edu/academics/programs/public-administration-and-public-service-minor
https://www.stjohns.edu/academics/programs/legal-studies-government-and-politics-bachelor-science-master-arts
https://www.stjohns.edu/academics/programs/biology-doctor-philosophy#main-content
https://www.stjohns.edu/academics/programs/biology-doctor-philosophy#block-menu-block-main
https://www.stjohns.edu/academics/faculty?department=7401
https://www.stjohns.edu/academics/faculty/lin-l-mantell
https://www.stjohns.edu/academics/faculty/abu-t-serajuddin-phd
https://www.stjohns.edu/academics/programs/biological-and-pharmaceutical-biotechnology-master-science#block-menu-block-main